ID,Name,Email
1,John Doe,john@example.com
2,Jane Doe,jane@example.com
3,Jim Beam,jim@example.com
4,Jake White,jake@example.com
5,Joan Black,joan@example.com
6,Michael Scott,michael@example.com
7,Dwight Schrute,dwight@example.com
8,Pam Beesly,pam@example.com
9,Angela Martin,angela@example.com
10,Oscar Nunez,oscar@example.com
11,Kevin Malone,kevin@example.com
12,Stanley Hudson,stanley@example.com
13,Phyllis Vance,phyllis@example.com
14,Creed Bratton,creed@example.com
15,Meredith Palmer,meredith@example.com
16,Andy Bernard,andy@example.com
17,Jim Halpert,jim@example.com
18,Ryan Howard,ryan@example.com
19,Kelly Kapoor,kelly@example.com
20,David Wallace,david@example.com
21,Jan Levinson,jan@example.com
22,Michael Scott,michael.scott@example.com
23,Dwight Schrute,dwight.schrute@example.com
24,Pam Beesly,pam.beesly@example.com
25,Angela Martin,angela.martin@example.com
26,Oscar Nunez,oscar.nunez@example.com
27,Kevin Malone,kevin.malone@example.com
28,Stanley Hudson,stanley.hudson@example.com
29,Phyllis Vance,phyllis.vance@example.com
30,Creed Bratton,creed.bratton@example.com
31,Meredith Palmer,meredith.palmer@example.com
32,Andy Bernard,andy.bernard@example.com
33,Jim Halpert,jim.halpert@example.com
34,Ryan Howard,ryan.howard@example.com
35,Kelly Kapoor,kelly.kapoor@example.com
36,David Wallace,david.wallace@example.com
37,Jan Levinson,jan.levinson@example.com
38,Michael Scott,michael.scott@example.net
39,Dwight Schrute,dwight.schrute@example.net
40,Pam Beesly,pam.beesly@example.net
41,Angela Martin,angela.martin@example.net
42,Oscar Nunez,oscar.nunez@example.net
43,Kevin Malone,kevin.malone@example.net
44,Stanley Hudson,stanley.hudson@example.net
45,Phyllis Vance,phyllis.vance@example.net
46,Creed Bratton,creed.bratton@example.net
47,Meredith Palmer,meredith.palmer@example.net
48,Andy Bernard,andy.bernard@example.net
49,Jim Halpert,jim.halpert@example.net
50,Ryan Howard,ryan.howard@example.net
51,Kelly Kapoor,kelly.kapoor@example.net
52,David Wallace,david.wallace@example.net
53,Jan Levinson,jan.levinson@example.net
54,Michael Scott,michael.scott@newemail.com
55,Dwight Schrute,dwight.schrute@newemail.com
56,Pam Beesly,pam.beesly@newemail.com
57,Angela Martin,angela.martin@newemail.com
58,Oscar Nunez,oscar.nunez@newemail.com
59,Kevin Malone,kevin.malone@newemail.com
60,Stanley Hudson,stanley.hudson@newemail.com
61,Phyllis Vance,phyllis.vance@newemail.com
62,Creed Bratton,creed.bratton@newemail.com
63,Meredith Palmer,meredith.palmer@newemail.com
64,Andy Bernard,andy.bernard@newemail.com
65,Jim Halpert,jim.halpert@newemail.com
66,Ryan Howard,ryan.howard@newemail.com
67,Kelly Kapoor,kelly.kapoor@newemail.com
68,David Wallace,david.wallace@newemail.com
69,Jan Levinson,jan.levinson@newemail.com
70,Michael Scott,michael.scott@example.org
71,Dwight Schrute,dwight.schrute@example.org
72,Pam Beesly,pam.beesly@example.org
73,Angela Martin,angela.martin@example.org
74,Oscar Nunez,oscar.nunez@example.org
75,Kevin Malone,kevin.malone@example.org
76,Stanley Hudson,stanley.hudson@example.org
77,Phyllis Vance,phyllis.vance@example.org
78,Creed Bratton,creed.bratton@example.org
79,Meredith Palmer,meredith.palmer@example.org
80,Andy Bernard,andy.bernard@example.org
81,Jim Halpert,jim.halpert@example.org
82,Ryan Howard,ryan.howard@example.org
83,Kelly Kapoor,kelly.kapoor@example.org
84,David Wallace,david.wallace@example.org
85,Jan Levinson,jan.levinson@example.org
86,Michael Scott,michael.scott@sample.com
87,Dwight Schrute,dwight.schrute@sample.com
88,Pam Beesly,pam.beesly@sample.com
89,Angela Martin,angela.martin@sample.com
90,Oscar Nunez,oscar.nunez@sample.com
91,Kevin Malone,kevin.malone@sample.com
92,Stanley Hudson,stanley.hudson@sample.com
93,Phyllis Vance,phyllis.vance@sample.com
94,Creed Bratton,creed.bratton@sample.com
95,Meredith Palmer,meredith.palmer@sample.com
96,Andy Bernard,andy.bernard@sample.com
97,Jim Halpert,jim.halpert@sample.com
98,Ryan Howard,ryan.howard@sample.com
99,Kelly Kapoor,kelly.kapoor@sample.com
100,David Wallace,david.wallace@sample.com
1,John Doe,john@example.com
2,Jane Doe,jane@example.com
3,Jim Beam,jim@example.com
4,Jake White,jake@example.com
5,Joan Black,joan@example.com
6,Michael Scott,michael@example.com
7,Dwight Schrute,dwight@example.com
8,Pam Beesly,pam@example.com
9,Angela Martin,angela@example.com
10,Oscar Nunez,oscar@example.com
11,Kevin Malone,kevin@example.com
12,Stanley Hudson,stanley@example.com
13,Phyllis Vance,phyllis@example.com
14,Creed Bratton,creed@example.com
15,Meredith Palmer,meredith@example.com
16,Andy Bernard,andy@example.com
17,Jim Halpert,jim@example.com
18,Ryan Howard,ryan@example.com
19,Kelly Kapoor,kelly@example.com
20,David Wallace,david@example.com
21,Jan Levinson,jan@example.com
22,Michael Scott,michael.scott@example.com
23,Dwight Schrute,dwight.schrute@example.com
24,Pam Beesly,pam.beesly@example.com
25,Angela Martin,angela.martin@example.com
26,Oscar Nunez,oscar.nunez@example.com
27,Kevin Malone,kevin.malone@example.com
28,Stanley Hudson,stanley.hudson@example.com
29,Phyllis Vance,phyllis.vance@example.com
30,Creed Bratton,creed.bratton@example.com
31,Meredith Palmer,meredith.palmer@example.com
32,Andy Bernard,andy.bernard@example.com
33,Jim Halpert,jim.halpert@example.com
34,Ryan Howard,ryan.howard@example.com
35,Kelly Kapoor,kelly.kapoor@example.com
36,David Wallace,david.wallace@example.com
37,Jan Levinson,jan.levinson@example.com
38,Michael Scott,michael.scott@example.net
39,Dwight Schrute,dwight.schrute@example.net
40,Pam Beesly,pam.beesly@example.net
41,Angela Martin,angela.martin@example.net
42,Oscar Nunez,oscar.nunez@example.net
43,Kevin Malone,kevin.malone@example.net
44,Stanley Hudson,stanley.hudson@example.net
45,Phyllis Vance,phyllis.vance@example.net
46,Creed Bratton,creed.bratton@example.net
47,Meredith Palmer,meredith.palmer@example.net
48,Andy Bernard,andy.bernard@example.net
49,Jim Halpert,jim.halpert@example.net
50,Ryan Howard,ryan.howard@example.net
51,Kelly Kapoor,kelly.kapoor@example.net
52,David Wallace,david.wallace@example.net
53,Jan Levinson,jan.levinson@example.net
54,Michael Scott,michael.scott@newemail.com
55,Dwight Schrute,dwight.schrute@newemail.com
56,Pam Beesly,pam.beesly@newemail.com
57,Angela Martin,angela.martin@newemail.com
58,Oscar Nunez,oscar.nunez@newemail.com
59,Kevin Malone,kevin.malone@newemail.com
60,Stanley Hudson,stanley.hudson@newemail.com
61,Phyllis Vance,phyllis.vance@newemail.com
62,Creed Bratton,creed.bratton@newemail.com
63,Meredith Palmer,meredith.palmer@newemail.com
64,Andy Bernard,andy.bernard@newemail.com
65,Jim Halpert,jim.halpert@newemail.com
66,Ryan Howard,ryan.howard@newemail.com
67,Kelly Kapoor,kelly.kapoor@newemail.com
68,David Wallace,david.wallace@newemail.com
69,Jan Levinson,jan.levinson@newemail.com
70,Michael Scott,michael.scott@example.org
71,Dwight Schrute,dwight.schrute@example.org
72,Pam Beesly,pam.beesly@example.org
73,Angela Martin,angela.martin@example.org
74,Oscar Nunez,oscar.nunez@example.org
75,Kevin Malone,kevin.malone@example.org
76,Stanley Hudson,stanley.hudson@example.org
77,Phyllis Vance,phyllis.vance@example.org
78,Creed Bratton,creed.bratton@example.org
79,Meredith Palmer,meredith.palmer@example.org
80,Andy Bernard,andy.bernard@example.org
81,Jim Halpert,jim.halpert@example.org
82,Ryan Howard,ryan.howard@example.org
83,Kelly Kapoor,kelly.kapoor@example.org
84,David Wallace,david.wallace@example.org
85,Jan Levinson,jan.levinson@example.org
86,Michael Scott,michael.scott@sample.com
87,Dwight Schrute,dwight.schrute@sample.com
88,Pam Beesly,pam.beesly@sample.com
89,Angela Martin,angela.martin@sample.com
90,Oscar Nunez,oscar.nunez@sample.com
91,Kevin Malone,kevin.malone@sample.com
92,Stanley Hudson,stanley.hudson@sample.com
93,Phyllis Vance,phyllis.vance@sample.com
94,Creed Bratton,creed.bratton@sample.com
95,Meredith Palmer,meredith.palmer@sample.com
96,Andy Bernard,andy.bernard@sample.com
97,Jim Halpert,jim.halpert@sample.com
98,Ryan Howard,ryan.howard@sample.com
99,Kelly Kapoor,kelly.kapoor@sample.com
100,David Wallace,david.wallace@sample.com
1,John Doe,john@example.com
2,Jane Doe,jane@example.com
3,Jim Beam,jim@example.com
4,Jake White,jake@example.com
5,Joan Black,joan@example.com
6,Michael Scott,michael@example.com
7,Dwight Schrute,dwight@example.com
8,Pam Beesly,pam@example.com
9,Angela Martin,angela@example.com
10,Oscar Nunez,oscar@example.com
11,Kevin Malone,kevin@example.com
12,Stanley Hudson,stanley@example.com
13,Phyllis Vance,phyllis@example.com
14,Creed Bratton,creed@example.com
15,Meredith Palmer,meredith@example.com
16,Andy Bernard,andy@example.com
17,Jim Halpert,jim@example.com
18,Ryan Howard,ryan@example.com
19,Kelly Kapoor,kelly@example.com
20,David Wallace,david@example.com
21,Jan Levinson,jan@example.com
22,Michael Scott,michael.scott@example.com
23,Dwight Schrute,dwight.schrute@example.com
24,Pam Beesly,pam.beesly@example.com
25,Angela Martin,angela.martin@example.com
26,Oscar Nunez,oscar.nunez@example.com
27,Kevin Malone,kevin.malone@example.com
28,Stanley Hudson,stanley.hudson@example.com
29,Phyllis Vance,phyllis.vance@example.com
30,Creed Bratton,creed.bratton@example.com
31,Meredith Palmer,meredith.palmer@example.com
32,Andy Bernard,andy.bernard@example.com
33,Jim Halpert,jim.halpert@example.com
34,Ryan Howard,ryan.howard@example.com
35,Kelly Kapoor,kelly.kapoor@example.com
36,David Wallace,david.wallace@example.com
37,Jan Levinson,jan.levinson@example.com
38,Michael Scott,michael.scott@example.net
39,Dwight Schrute,dwight.schrute@example.net
40,Pam Beesly,pam.beesly@example.net
41,Angela Martin,angela.martin@example.net
42,Oscar Nunez,oscar.nunez@example.net
43,Kevin Malone,kevin.malone@example.net
44,Stanley Hudson,stanley.hudson@example.net
45,Phyllis Vance,phyllis.vance@example.net
46,Creed Bratton,creed.bratton@example.net
47,Meredith Palmer,meredith.palmer@example.net
48,Andy Bernard,andy.bernard@example.net
49,Jim Halpert,jim.halpert@example.net
50,Ryan Howard,ryan.howard@example.net
51,Kelly Kapoor,kelly.kapoor@example.net
52,David Wallace,david.wallace@example.net
53,Jan Levinson,jan.levinson@example.net
54,Michael Scott,michael.scott@newemail.com
55,Dwight Schrute,dwight.schrute@newemail.com
56,Pam Beesly,pam.beesly@newemail.com
57,Angela Martin,angela.martin@newemail.com
58,Oscar Nunez,oscar.nunez@newemail.com
59,Kevin Malone,kevin.malone@newemail.com
60,Stanley Hudson,stanley.hudson@newemail.com
61,Phyllis Vance,phyllis.vance@newemail.com
62,Creed Bratton,creed.bratton@newemail.com
63,Meredith Palmer,meredith.palmer@newemail.com
64,Andy Bernard,andy.bernard@newemail.com
65,Jim Halpert,jim.halpert@newemail.com
66,Ryan Howard,ryan.howard@newemail.com
67,Kelly Kapoor,kelly.kapoor@newemail.com
68,David Wallace,david.wallace@newemail.com
69,Jan Levinson,jan.levinson@newemail.com
70,Michael Scott,michael.scott@example.org
71,Dwight Schrute,dwight.schrute@example.org
72,Pam Beesly,pam.beesly@example.org
73,Angela Martin,angela.martin@example.org
74,Oscar Nunez,oscar.nunez@example.org
75,Kevin Malone,kevin.malone@example.org
76,Stanley Hudson,stanley.hudson@example.org
77,Phyllis Vance,phyllis.vance@example.org
78,Creed Bratton,creed.bratton@example.org
79,Meredith Palmer,meredith.palmer@example.org
80,Andy Bernard,andy.bernard@example.org
81,Jim Halpert,jim.halpert@example.org
82,Ryan Howard,ryan.howard@example.org
83,Kelly Kapoor,kelly.kapoor@example.org
84,David Wallace,david.wallace@example.org
85,Jan Levinson,jan.levinson@example.org
86,Michael Scott,michael.scott@sample.com
87,Dwight Schrute,dwight.schrute@sample.com
88,Pam Beesly,pam.beesly@sample.com
89,Angela Martin,angela.martin@sample.com
90,Oscar Nunez,oscar.nunez@sample.com
91,Kevin Malone,kevin.malone@sample.com
92,Stanley Hudson,stanley.hudson@sample.com
93,Phyllis Vance,phyllis.vance@sample.com
94,Creed Bratton,creed.bratton@sample.com
95,Meredith Palmer,meredith.palmer@sample.com
96,Andy Bernard,andy.bernard@sample.com
97,Jim Halpert,jim.halpert@sample.com
98,Ryan Howard,ryan.howard@sample.com
99,Kelly Kapoor,kelly.kapoor@sample.com
100,David Wallace,david.wallace@sample.com
1,John Doe,john@example.com
2,Jane Doe,jane@example.com
3,Jim Beam,jim@example.com
4,Jake White,jake@example.com
5,Joan Black,joan@example.com
6,Michael Scott,michael@example.com
7,Dwight Schrute,dwight@example.com
8,Pam Beesly,pam@example.com
9,Angela Martin,angela@example.com
10,Oscar Nunez,oscar@example.com
11,Kevin Malone,kevin@example.com
12,Stanley Hudson,stanley@example.com
13,Phyllis Vance,phyllis@example.com
14,Creed Bratton,creed@example.com
15,Meredith Palmer,meredith@example.com
16,Andy Bernard,andy@example.com
17,Jim Halpert,jim@example.com
18,Ryan Howard,ryan@example.com
19,Kelly Kapoor,kelly@example.com
20,David Wallace,david@example.com
21,Jan Levinson,jan@example.com
22,Michael Scott,michael.scott@example.com
23,Dwight Schrute,dwight.schrute@example.com
24,Pam Beesly,pam.beesly@example.com
25,Angela Martin,angela.martin@example.com
26,Oscar Nunez,oscar.nunez@example.com
27,Kevin Malone,kevin.malone@example.com
28,Stanley Hudson,stanley.hudson@example.com
29,Phyllis Vance,phyllis.vance@example.com
30,Creed Bratton,creed.bratton@example.com
31,Meredith Palmer,meredith.palmer@example.com
32,Andy Bernard,andy.bernard@example.com
33,Jim Halpert,jim.halpert@example.com
34,Ryan Howard,ryan.howard@example.com
35,Kelly Kapoor,kelly.kapoor@example.com
36,David Wallace,david.wallace@example.com
37,Jan Levinson,jan.levinson@example.com
38,Michael Scott,michael.scott@example.net
39,Dwight Schrute,dwight.schrute@example.net
40,Pam Beesly,pam.beesly@example.net
41,Angela Martin,angela.martin@example.net
42,Oscar Nunez,oscar.nunez@example.net
43,Kevin Malone,kevin.malone@example.net
44,Stanley Hudson,stanley.hudson@example.net
45,Phyllis Vance,phyllis.vance@example.net
46,Creed Bratton,creed.bratton@example.net
47,Meredith Palmer,meredith.palmer@example.net
48,Andy Bernard,andy.bernard@example.net
49,Jim Halpert,jim.halpert@example.net
50,Ryan Howard,ryan.howard@example.net
51,Kelly Kapoor,kelly.kapoor@example.net
52,David Wallace,david.wallace@example.net
53,Jan Levinson,jan.levinson@example.net
54,Michael Scott,michael.scott@newemail.com
55,Dwight Schrute,dwight.schrute@newemail.com
56,Pam Beesly,pam.beesly@newemail.com
57,Angela Martin,angela.martin@newemail.com
58,Oscar Nunez,oscar.nunez@newemail.com
59,Kevin Malone,kevin.malone@newemail.com
60,Stanley Hudson,stanley.hudson@newemail.com
61,Phyllis Vance,phyllis.vance@newemail.com
62,Creed Bratton,creed.bratton@newemail.com
63,Meredith Palmer,meredith.palmer@newemail.com
64,Andy Bernard,andy.bernard@newemail.com
65,Jim Halpert,jim.halpert@newemail.com
66,Ryan Howard,ryan.howard@newemail.com
67,Kelly Kapoor,kelly.kapoor@newemail.com
68,David Wallace,david.wallace@newemail.com
69,Jan Levinson,jan.levinson@newemail.com
70,Michael Scott,michael.scott@example.org
71,Dwight Schrute,dwight.schrute@example.org
72,Pam Beesly,pam.beesly@example.org
73,Angela Martin,angela.martin@example.org
74,Oscar Nunez,oscar.nunez@example.org
75,Kevin Malone,kevin.malone@example.org
76,Stanley Hudson,stanley.hudson@example.org
77,Phyllis Vance,phyllis.vance@example.org
78,Creed Bratton,creed.bratton@example.org
79,Meredith Palmer,meredith.palmer@example.org
80,Andy Bernard,andy.bernard@example.org
81,Jim Halpert,jim.halpert@example.org
82,Ryan Howard,ryan.howard@example.org
83,Kelly Kapoor,kelly.kapoor@example.org
84,David Wallace,david.wallace@example.org
85,Jan Levinson,jan.levinson@example.org
86,Michael Scott,michael.scott@sample.com
87,Dwight Schrute,dwight.schrute@sample.com
88,Pam Beesly,pam.beesly@sample.com
89,Angela Martin,angela.martin@sample.com
90,Oscar Nunez,oscar.nunez@sample.com
91,Kevin Malone,kevin.malone@sample.com
92,Stanley Hudson,stanley.hudson@sample.com
93,Phyllis Vance,phyllis.vance@sample.com
94,Creed Bratton,creed.bratton@sample.com
95,Meredith Palmer,meredith.palmer@sample.com
96,Andy Bernard,andy.bernard@sample.com
97,Jim Halpert,jim.halpert@sample.com
98,Ryan Howard,ryan.howard@sample.com
99,Kelly Kapoor,kelly.kapoor@sample.com
100,David Wallace,david.wallace@sample.com
1,John Doe,john@example.com
2,Jane Doe,jane@example.com
3,Jim Beam,jim@example.com
4,Jake White,jake@example.com
5,Joan Black,joan@example.com
6,Michael Scott,michael@example.com
7,Dwight Schrute,dwight@example.com
8,Pam Beesly,pam@example.com
9,Angela Martin,angela@example.com
10,Oscar Nunez,oscar@example.com
11,Kevin Malone,kevin@example.com
12,Stanley Hudson,stanley@example.com
13,Phyllis Vance,phyllis@example.com
14,Creed Bratton,creed@example.com
15,Meredith Palmer,meredith@example.com
16,Andy Bernard,andy@example.com
17,Jim Halpert,jim@example.com
18,Ryan Howard,ryan@example.com
19,Kelly Kapoor,kelly@example.com
20,David Wallace,david@example.com
21,Jan Levinson,jan@example.com
22,Michael Scott,michael.scott@example.com
23,Dwight Schrute,dwight.schrute@example.com
24,Pam Beesly,pam.beesly@example.com
25,Angela Martin,angela.martin@example.com
26,Oscar Nunez,oscar.nunez@example.com
27,Kevin Malone,kevin.malone@example.com
28,Stanley Hudson,stanley.hudson@example.com
29,Phyllis Vance,phyllis.vance@example.com
30,Creed Bratton,creed.bratton@example.com
31,Meredith Palmer,meredith.palmer@example.com
32,Andy Bernard,andy.bernard@example.com
33,Jim Halpert,jim.halpert@example.com
34,Ryan Howard,ryan.howard@example.com
35,Kelly Kapoor,kelly.kapoor@example.com
36,David Wallace,david.wallace@example.com
37,Jan Levinson,jan.levinson@example.com
38,Michael Scott,michael.scott@example.net
39,Dwight Schrute,dwight.schrute@example.net
40,Pam Beesly,pam.beesly@example.net
41,Angela Martin,angela.martin@example.net
42,Oscar Nunez,oscar.nunez@example.net
43,Kevin Malone,kevin.malone@example.net
44,Stanley Hudson,stanley.hudson@example.net
45,Phyllis Vance,phyllis.vance@example.net
46,Creed Bratton,creed.bratton@example.net
47,Meredith Palmer,meredith.palmer@example.net
48,Andy Bernard,andy.bernard@example.net
49,Jim Halpert,jim.halpert@example.net
50,Ryan Howard,ryan.howard@example.net
51,Kelly Kapoor,kelly.kapoor@example.net
52,David Wallace,david.wallace@example.net
53,Jan Levinson,jan.levinson@example.net
54,Michael Scott,michael.scott@newemail.com
55,Dwight Schrute,dwight.schrute@newemail.com
56,Pam Beesly,pam.beesly@newemail.com
57,Angela Martin,angela.martin@newemail.com
58,Oscar Nunez,oscar.nunez@newemail.com
59,Kevin Malone,kevin.malone@newemail.com
60,Stanley Hudson,stanley.hudson@newemail.com
61,Phyllis Vance,phyllis.vance@newemail.com
62,Creed Bratton,creed.bratton@newemail.com
63,Meredith Palmer,meredith.palmer@newemail.com
64,Andy Bernard,andy.bernard@newemail.com
65,Jim Halpert,jim.halpert@newemail.com
66,Ryan Howard,ryan.howard@newemail.com
67,Kelly Kapoor,kelly.kapoor@newemail.com
68,David Wallace,david.wallace@newemail.com
69,Jan Levinson,jan.levinson@newemail.com
70,Michael Scott,michael.scott@example.org
71,Dwight Schrute,dwight.schrute@example.org
72,Pam Beesly,pam.beesly@example.org
73,Angela Martin,angela.martin@example.org
74,Oscar Nunez,oscar.nunez@example.org
75,Kevin Malone,kevin.malone@example.org
76,Stanley Hudson,stanley.hudson@example.org
77,Phyllis Vance,phyllis.vance@example.org
78,Creed Bratton,creed.bratton@example.org
79,Meredith Palmer,meredith.palmer@example.org
80,Andy Bernard,andy.bernard@example.org
81,Jim Halpert,jim.halpert@example.org
82,Ryan Howard,ryan.howard@example.org
83,Kelly Kapoor,kelly.kapoor@example.org
84,David Wallace,david.wallace@example.org
85,Jan Levinson,jan.levinson@example.org
86,Michael Scott,michael.scott@sample.com
87,Dwight Schrute,dwight.schrute@sample.com
88,Pam Beesly,pam.beesly@sample.com
89,Angela Martin,angela.martin@sample.com
90,Oscar Nunez,oscar.nunez@sample.com
91,Kevin Malone,kevin.malone@sample.com
92,Stanley Hudson,stanley.hudson@sample.com
93,Phyllis Vance,phyllis.vance@sample.com
94,Creed Bratton,creed.bratton@sample.com
95,Meredith Palmer,meredith.palmer@sample.com
96,Andy Bernard,andy.bernard@sample.com
97,Jim Halpert,jim.halpert@sample.com
98,Ryan Howard,ryan.howard@sample.com
99,Kelly Kapoor,kelly.kapoor@sample.com
100,David Wallace,david.wallace@sample.com
1,John Doe,john@example.com
2,Jane Doe,jane@example.com
3,Jim Beam,jim@example.com
4,Jake White,jake@example.com
5,Joan Black,joan@example.com
6,Michael Scott,michael@example.com
7,Dwight Schrute,dwight@example.com
8,Pam Beesly,pam@example.com
9,Angela Martin,angela@example.com
10,Oscar Nunez,oscar@example.com
11,Kevin Malone,kevin@example.com
12,Stanley Hudson,stanley@example.com
13,Phyllis Vance,phyllis@example.com
14,Creed Bratton,creed@example.com
15,Meredith Palmer,meredith@example.com
16,Andy Bernard,andy@example.com
17,Jim Halpert,jim@example.com
18,Ryan Howard,ryan@example.com
19,Kelly Kapoor,kelly@example.com
20,David Wallace,david@example.com
21,Jan Levinson,jan@example.com
22,Michael Scott,michael.scott@example.com
23,Dwight Schrute,dwight.schrute@example.com
24,Pam Beesly,pam.beesly@example.com
25,Angela Martin,angela.martin@example.com
26,Oscar Nunez,oscar.nunez@example.com
27,Kevin Malone,kevin.malone@example.com
28,Stanley Hudson,stanley.hudson@example.com
29,Phyllis Vance,phyllis.vance@example.com
30,Creed Bratton,creed.bratton@example.com
31,Meredith Palmer,meredith.palmer@example.com
32,Andy Bernard,andy.bernard@example.com
33,Jim Halpert,jim.halpert@example.com
34,Ryan Howard,ryan.howard@example.com
35,Kelly Kapoor,kelly.kapoor@example.com
36,David Wallace,david.wallace@example.com
37,Jan Levinson,jan.levinson@example.com
38,Michael Scott,michael.scott@example.net
39,Dwight Schrute,dwight.schrute@example.net
40,Pam Beesly,pam.beesly@example.net
41,Angela Martin,angela.martin@example.net
42,Oscar Nunez,oscar.nunez@example.net
43,Kevin Malone,kevin.malone@example.net
44,Stanley Hudson,stanley.hudson@example.net
45,Phyllis Vance,phyllis.vance@example.net
46,Creed Bratton,creed.bratton@example.net
47,Meredith Palmer,meredith.palmer@example.net
48,Andy Bernard,andy.bernard@example.net
49,Jim Halpert,jim.halpert@example.net
50,Ryan Howard,ryan.howard@example.net
51,Kelly Kapoor,kelly.kapoor@example.net
52,David Wallace,david.wallace@example.net
53,Jan Levinson,jan.levinson@example.net
54,Michael Scott,michael.scott@newemail.com
55,Dwight Schrute,dwight.schrute@newemail.com
56,Pam Beesly,pam.beesly@newemail.com
57,Angela Martin,angela.martin@newemail.com
58,Oscar Nunez,oscar.nunez@newemail.com
59,Kevin Malone,kevin.malone@newemail.com
60,Stanley Hudson,stanley.hudson@newemail.com
61,Phyllis Vance,phyllis.vance@newemail.com
62,Creed Bratton,creed.bratton@newemail.com
63,Meredith Palmer,meredith.palmer@newemail.com
64,Andy Bernard,andy.bernard@newemail.com
65,Jim Halpert,jim.halpert@newemail.com
66,Ryan Howard,ryan.howard@newemail.com
67,Kelly Kapoor,kelly.kapoor@newemail.com
68,David Wallace,david.wallace@newemail.com
69,Jan Levinson,jan.levinson@newemail.com
70,Michael Scott,michael.scott@example.org
71,Dwight Schrute,dwight.schrute@example.org
72,Pam Beesly,pam.beesly@example.org
73,Angela Martin,angela.martin@example.org
74,Oscar Nunez,oscar.nunez@example.org
75,Kevin Malone,kevin.malone@example.org
76,Stanley Hudson,stanley.hudson@example.org
77,Phyllis Vance,phyllis.vance@example.org
78,Creed Bratton,creed.bratton@example.org
79,Meredith Palmer,meredith.palmer@example.org
80,Andy Bernard,andy.bernard@example.org
81,Jim Halpert,jim.halpert@example.org
82,Ryan Howard,ryan.howard@example.org
83,Kelly Kapoor,kelly.kapoor@example.org
84,David Wallace,david.wallace@example.org
85,Jan Levinson,jan.levinson@example.org
86,Michael Scott,michael.scott@sample.com
87,Dwight Schrute,dwight.schrute@sample.com
88,Pam Beesly,pam.beesly@sample.com
89,Angela Martin,angela.martin@sample.com
90,Oscar Nunez,oscar.nunez@sample.com
91,Kevin Malone,kevin.malone@sample.com
92,Stanley Hudson,stanley.hudson@sample.com
93,Phyllis Vance,phyllis.vance@sample.com
94,Creed Bratton,creed.bratton@sample.com
95,Meredith Palmer,meredith.palmer@sample.com
96,Andy Bernard,andy.bernard@sample.com
97,Jim Halpert,jim.halpert@sample.com
98,Ryan Howard,ryan.howard@sample.com
99,Kelly Kapoor,kelly.kapoor@sample.com
100,David Wallace,david.wallace@sample.com
1,John Doe,john@example.com
2,Jane Doe,jane@example.com
3,Jim Beam,jim@example.com
4,Jake White,jake@example.com
5,Joan Black,joan@example.com
6,Michael Scott,michael@example.com
7,Dwight Schrute,dwight@example.com
8,Pam Beesly,pam@example.com
9,Angela Martin,angela@example.com
10,Oscar Nunez,oscar@example.com
11,Kevin Malone,kevin@example.com
12,Stanley Hudson,stanley@example.com
13,Phyllis Vance,phyllis@example.com
14,Creed Bratton,creed@example.com
15,Meredith Palmer,meredith@example.com
16,Andy Bernard,andy@example.com
17,Jim Halpert,jim@example.com
18,Ryan Howard,ryan@example.com
19,Kelly Kapoor,kelly@example.com
20,David Wallace,david@example.com
21,Jan Levinson,jan@example.com
22,Michael Scott,michael.scott@example.com
23,Dwight Schrute,dwight.schrute@example.com
24,Pam Beesly,pam.beesly@example.com
25,Angela Martin,angela.martin@example.com
26,Oscar Nunez,oscar.nunez@example.com
27,Kevin Malone,kevin.malone@example.com
28,Stanley Hudson,stanley.hudson@example.com
29,Phyllis Vance,phyllis.vance@example.com
30,Creed Bratton,creed.bratton@example.com
31,Meredith Palmer,meredith.palmer@example.com
32,Andy Bernard,andy.bernard@example.com
33,Jim Halpert,jim.halpert@example.com
34,Ryan Howard,ryan.howard@example.com
35,Kelly Kapoor,kelly.kapoor@example.com
36,David Wallace,david.wallace@example.com
37,Jan Levinson,jan.levinson@example.com
38,Michael Scott,michael.scott@example.net
39,Dwight Schrute,dwight.schrute@example.net
40,Pam Beesly,pam.beesly@example.net
41,Angela Martin,angela.martin@example.net
42,Oscar Nunez,oscar.nunez@example.net
43,Kevin Malone,kevin.malone@example.net
44,Stanley Hudson,stanley.hudson@example.net
45,Phyllis Vance,phyllis.vance@example.net
46,Creed Bratton,creed.bratton@example.net
47,Meredith Palmer,meredith.palmer@example.net
48,Andy Bernard,andy.bernard@example.net
49,Jim Halpert,jim.halpert@example.net
50,Ryan Howard,ryan.howard@example.net
51,Kelly Kapoor,kelly.kapoor@example.net
52,David Wallace,david.wallace@example.net
53,Jan Levinson,jan.levinson@example.net
54,Michael Scott,michael.scott@newemail.com
55,Dwight Schrute,dwight.schrute@newemail.com
56,Pam Beesly,pam.beesly@newemail.com
57,Angela Martin,angela.martin@newemail.com
58,Oscar Nunez,oscar.nunez@newemail.com
59,Kevin Malone,kevin.malone@newemail.com
60,Stanley Hudson,stanley.hudson@newemail.com
61,Phyllis Vance,phyllis.vance@newemail.com
62,Creed Bratton,creed.bratton@newemail.com
63,Meredith Palmer,meredith.palmer@newemail.com
64,Andy Bernard,andy.bernard@newemail.com
65,Jim Halpert,jim.halpert@newemail.com
66,Ryan Howard,ryan.howard@newemail.com
67,Kelly Kapoor,kelly.kapoor@newemail.com
68,David Wallace,david.wallace@newemail.com
69,Jan Levinson,jan.levinson@newemail.com
70,Michael Scott,michael.scott@example.org
71,Dwight Schrute,dwight.schrute@example.org
72,Pam Beesly,pam.beesly@example.org
73,Angela Martin,angela.martin@example.org
74,Oscar Nunez,oscar.nunez@example.org
75,Kevin Malone,kevin.malone@example.org
76,Stanley Hudson,stanley.hudson@example.org
77,Phyllis Vance,phyllis.vance@example.org
78,Creed Bratton,creed.bratton@example.org
79,Meredith Palmer,meredith.palmer@example.org
80,Andy Bernard,andy.bernard@example.org
81,Jim Halpert,jim.halpert@example.org
82,Ryan Howard,ryan.howard@example.org
83,Kelly Kapoor,kelly.kapoor@example.org
84,David Wallace,david.wallace@example.org
85,Jan Levinson,jan.levinson@example.org
86,Michael Scott,michael.scott@sample.com
87,Dwight Schrute,dwight.schrute@sample.com
88,Pam Beesly,pam.beesly@sample.com
89,Angela Martin,angela.martin@sample.com
90,Oscar Nunez,oscar.nunez@sample.com
91,Kevin Malone,kevin.malone@sample.com
92,Stanley Hudson,stanley.hudson@sample.com
93,Phyllis Vance,phyllis.vance@sample.com
94,Creed Bratton,creed.bratton@sample.com
95,Meredith Palmer,meredith.palmer@sample.com
96,Andy Bernard,andy.bernard@sample.com
97,Jim Halpert,jim.halpert@sample.com
98,Ryan Howard,ryan.howard@sample.com
99,Kelly Kapoor,kelly.kapoor@sample.com
100,David Wallace,david.wallace@sample.com
1,John Doe,john@example.com
2,Jane Doe,jane@example.com
3,Jim Beam,jim@example.com
4,Jake White,jake@example.com
5,Joan Black,joan@example.com
6,Michael Scott,michael@example.com
7,Dwight Schrute,dwight@example.com
8,Pam Beesly,pam@example.com
9,Angela Martin,angela@example.com
10,Oscar Nunez,oscar@example.com
11,Kevin Malone,kevin@example.com
12,Stanley Hudson,stanley@example.com
13,Phyllis Vance,phyllis@example.com
14,Creed Bratton,creed@example.com
15,Meredith Palmer,meredith@example.com
16,Andy Bernard,andy@example.com
17,Jim Halpert,jim@example.com
18,Ryan Howard,ryan@example.com
19,Kelly Kapoor,kelly@example.com
20,David Wallace,david@example.com
21,Jan Levinson,jan@example.com
22,Michael Scott,michael.scott@example.com
23,Dwight Schrute,dwight.schrute@example.com
24,Pam Beesly,pam.beesly@example.com
25,Angela Martin,angela.martin@example.com
26,Oscar Nunez,oscar.nunez@example.com
27,Kevin Malone,kevin.malone@example.com
28,Stanley Hudson,stanley.hudson@example.com
29,Phyllis Vance,phyllis.vance@example.com
30,Creed Bratton,creed.bratton@example.com
31,Meredith Palmer,meredith.palmer@example.com
32,Andy Bernard,andy.bernard@example.com
33,Jim Halpert,jim.halpert@example.com
34,Ryan Howard,ryan.howard@example.com
35,Kelly Kapoor,kelly.kapoor@example.com
36,David Wallace,david.wallace@example.com
37,Jan Levinson,jan.levinson@example.com
38,Michael Scott,michael.scott@example.net
39,Dwight Schrute,dwight.schrute@example.net
40,Pam Beesly,pam.beesly@example.net
41,Angela Martin,angela.martin@example.net
42,Oscar Nunez,oscar.nunez@example.net
43,Kevin Malone,kevin.malone@example.net
44,Stanley Hudson,stanley.hudson@example.net
45,Phyllis Vance,phyllis.vance@example.net
46,Creed Bratton,creed.bratton@example.net
47,Meredith Palmer,meredith.palmer@example.net
48,Andy Bernard,andy.bernard@example.net
49,Jim Halpert,jim.halpert@example.net
50,Ryan Howard,ryan.howard@example.net
51,Kelly Kapoor,kelly.kapoor@example.net
52,David Wallace,david.wallace@example.net
53,Jan Levinson,jan.levinson@example.net
54,Michael Scott,michael.scott@newemail.com
55,Dwight Schrute,dwight.schrute@newemail.com
56,Pam Beesly,pam.beesly@newemail.com
57,Angela Martin,angela.martin@newemail.com
58,Oscar Nunez,oscar.nunez@newemail.com
59,Kevin Malone,kevin.malone@newemail.com
60,Stanley Hudson,stanley.hudson@newemail.com
61,Phyllis Vance,phyllis.vance@newemail.com
62,Creed Bratton,creed.bratton@newemail.com
63,Meredith Palmer,meredith.palmer@newemail.com
64,Andy Bernard,andy.bernard@newemail.com
65,Jim Halpert,jim.halpert@newemail.com
66,Ryan Howard,ryan.howard@newemail.com
67,Kelly Kapoor,kelly.kapoor@newemail.com
68,David Wallace,david.wallace@newemail.com
69,Jan Levinson,jan.levinson@newemail.com
70,Michael Scott,michael.scott@example.org
71,Dwight Schrute,dwight.schrute@example.org
72,Pam Beesly,pam.beesly@example.org
73,Angela Martin,angela.martin@example.org
74,Oscar Nunez,oscar.nunez@example.org
75,Kevin Malone,kevin.malone@example.org
76,Stanley Hudson,stanley.hudson@example.org
77,Phyllis Vance,phyllis.vance@example.org
78,Creed Bratton,creed.bratton@example.org
79,Meredith Palmer,meredith.palmer@example.org
80,Andy Bernard,andy.bernard@example.org
81,Jim Halpert,jim.halpert@example.org
82,Ryan Howard,ryan.howard@example.org
83,Kelly Kapoor,kelly.kapoor@example.org
84,David Wallace,david.wallace@example.org
85,Jan Levinson,jan.levinson@example.org
86,Michael Scott,michael.scott@sample.com
87,Dwight Schrute,dwight.schrute@sample.com
88,Pam Beesly,pam.beesly@sample.com
89,Angela Martin,angela.martin@sample.com
90,Oscar Nunez,oscar.nunez@sample.com
91,Kevin Malone,kevin.malone@sample.com
92,Stanley Hudson,stanley.hudson@sample.com
93,Phyllis Vance,phyllis.vance@sample.com
94,Creed Bratton,creed.bratton@sample.com
95,Meredith Palmer,meredith.palmer@sample.com
96,Andy Bernard,andy.bernard@sample.com
97,Jim Halpert,jim.halpert@sample.com
98,Ryan Howard,ryan.howard@sample.com
99,Kelly Kapoor,kelly.kapoor@sample.com
100,David Wallace,david.wallace@sample.com
1,John Doe,john@example.com
2,Jane Doe,jane@example.com
3,Jim Beam,jim@example.com
4,Jake White,jake@example.com
5,Joan Black,joan@example.com
6,Michael Scott,michael@example.com
7,Dwight Schrute,dwight@example.com
8,Pam Beesly,pam@example.com
9,Angela Martin,angela@example.com
10,Oscar Nunez,oscar@example.com
11,Kevin Malone,kevin@example.com
12,Stanley Hudson,stanley@example.com
13,Phyllis Vance,phyllis@example.com
14,Creed Bratton,creed@example.com
15,Meredith Palmer,meredith@example.com
16,Andy Bernard,andy@example.com
17,Jim Halpert,jim@example.com
18,Ryan Howard,ryan@example.com
19,Kelly Kapoor,kelly@example.com
20,David Wallace,david@example.com
21,Jan Levinson,jan@example.com
22,Michael Scott,michael.scott@example.com
23,Dwight Schrute,dwight.schrute@example.com
24,Pam Beesly,pam.beesly@example.com
25,Angela Martin,angela.martin@example.com
26,Oscar Nunez,oscar.nunez@example.com
27,Kevin Malone,kevin.malone@example.com
28,Stanley Hudson,stanley.hudson@example.com
29,Phyllis Vance,phyllis.vance@example.com
30,Creed Bratton,creed.bratton@example.com
31,Meredith Palmer,meredith.palmer@example.com
32,Andy Bernard,andy.bernard@example.com
33,Jim Halpert,jim.halpert@example.com
34,Ryan Howard,ryan.howard@example.com
35,Kelly Kapoor,kelly.kapoor@example.com
36,David Wallace,david.wallace@example.com
37,Jan Levinson,jan.levinson@example.com
38,Michael Scott,michael.scott@example.net
39,Dwight Schrute,dwight.schrute@example.net
40,Pam Beesly,pam.beesly@example.net
41,Angela Martin,angela.martin@example.net
42,Oscar Nunez,oscar.nunez@example.net
43,Kevin Malone,kevin.malone@example.net
44,Stanley Hudson,stanley.hudson@example.net
45,Phyllis Vance,phyllis.vance@example.net
46,Creed Bratton,creed.bratton@example.net
47,Meredith Palmer,meredith.palmer@example.net
48,Andy Bernard,andy.bernard@example.net
49,Jim Halpert,jim.halpert@example.net
50,Ryan Howard,ryan.howard@example.net
51,Kelly Kapoor,kelly.kapoor@example.net
52,David Wallace,david.wallace@example.net
53,Jan Levinson,jan.levinson@example.net
54,Michael Scott,michael.scott@newemail.com
55,Dwight Schrute,dwight.schrute@newemail.com
56,Pam Beesly,pam.beesly@newemail.com
57,Angela Martin,angela.martin@newemail.com
58,Oscar Nunez,oscar.nunez@newemail.com
59,Kevin Malone,kevin.malone@newemail.com
60,Stanley Hudson,stanley.hudson@newemail.com
61,Phyllis Vance,phyllis.vance@newemail.com
62,Creed Bratton,creed.bratton@newemail.com
63,Meredith Palmer,meredith.palmer@newemail.com
64,Andy Bernard,andy.bernard@newemail.com
65,Jim Halpert,jim.halpert@newemail.com
66,Ryan Howard,ryan.howard@newemail.com
67,Kelly Kapoor,kelly.kapoor@newemail.com
68,David Wallace,david.wallace@newemail.com
69,Jan Levinson,jan.levinson@newemail.com
70,Michael Scott,michael.scott@example.org
71,Dwight Schrute,dwight.schrute@example.org
72,Pam Beesly,pam.beesly@example.org
73,Angela Martin,angela.martin@example.org
74,Oscar Nunez,oscar.nunez@example.org
75,Kevin Malone,kevin.malone@example.org
76,Stanley Hudson,stanley.hudson@example.org
77,Phyllis Vance,phyllis.vance@example.org
78,Creed Bratton,creed.bratton@example.org
79,Meredith Palmer,meredith.palmer@example.org
80,Andy Bernard,andy.bernard@example.org
81,Jim Halpert,jim.halpert@example.org
82,Ryan Howard,ryan.howard@example.org
83,Kelly Kapoor,kelly.kapoor@example.org
84,David Wallace,david.wallace@example.org
85,Jan Levinson,jan.levinson@example.org
86,Michael Scott,michael.scott@sample.com
87,Dwight Schrute,dwight.schrute@sample.com
88,Pam Beesly,pam.beesly@sample.com
89,Angela Martin,angela.martin@sample.com
90,Oscar Nunez,oscar.nunez@sample.com
91,Kevin Malone,kevin.malone@sample.com
92,Stanley Hudson,stanley.hudson@sample.com
93,Phyllis Vance,phyllis.vance@sample.com
94,Creed Bratton,creed.bratton@sample.com
95,Meredith Palmer,meredith.palmer@sample.com
96,Andy Bernard,andy.bernard@sample.com
97,Jim Halpert,jim.halpert@sample.com
98,Ryan Howard,ryan.howard@sample.com
99,Kelly Kapoor,kelly.kapoor@sample.com
100,David Wallace,david.wallace@sample.com
1,John Doe,john@example.com
2,Jane Doe,jane@example.com
3,Jim Beam,jim@example.com
4,Jake White,jake@example.com
5,Joan Black,joan@example.com
6,Michael Scott,michael@example.com
7,Dwight Schrute,dwight@example.com
8,Pam Beesly,pam@example.com
9,Angela Martin,angela@example.com
10,Oscar Nunez,oscar@example.com
11,Kevin Malone,kevin@example.com
12,Stanley Hudson,stanley@example.com
13,Phyllis Vance,phyllis@example.com
14,Creed Bratton,creed@example.com
15,Meredith Palmer,meredith@example.com
16,Andy Bernard,andy@example.com
17,Jim Halpert,jim@example.com
18,Ryan Howard,ryan@example.com
19,Kelly Kapoor,kelly@example.com
20,David Wallace,david@example.com
21,Jan Levinson,jan@example.com
22,Michael Scott,michael.scott@example.com
23,Dwight Schrute,dwight.schrute@example.com
24,Pam Beesly,pam.beesly@example.com
25,Angela Martin,angela.martin@example.com
26,Oscar Nunez,oscar.nunez@example.com
27,Kevin Malone,kevin.malone@example.com
28,Stanley Hudson,stanley.hudson@example.com
29,Phyllis Vance,phyllis.vance@example.com
30,Creed Bratton,creed.bratton@example.com
31,Meredith Palmer,meredith.palmer@example.com
32,Andy Bernard,andy.bernard@example.com
33,Jim Halpert,jim.halpert@example.com
34,Ryan Howard,ryan.howard@example.com
35,Kelly Kapoor,kelly.kapoor@example.com
36,David Wallace,david.wallace@example.com
37,Jan Levinson,jan.levinson@example.com
38,Michael Scott,michael.scott@example.net
39,Dwight Schrute,dwight.schrute@example.net
40,Pam Beesly,pam.beesly@example.net
41,Angela Martin,angela.martin@example.net
42,Oscar Nunez,oscar.nunez@example.net
43,Kevin Malone,kevin.malone@example.net
44,Stanley Hudson,stanley.hudson@example.net
45,Phyllis Vance,phyllis.vance@example.net
46,Creed Bratton,creed.bratton@example.net
47,Meredith Palmer,meredith.palmer@example.net
48,Andy Bernard,andy.bernard@example.net
49,Jim Halpert,jim.halpert@example.net
50,Ryan Howard,ryan.howard@example.net
51,Kelly Kapoor,kelly.kapoor@example.net
52,David Wallace,david.wallace@example.net
53,Jan Levinson,jan.levinson@example.net
54,Michael Scott,michael.scott@newemail.com
55,Dwight Schrute,dwight.schrute@newemail.com
56,Pam Beesly,pam.beesly@newemail.com
57,Angela Martin,angela.martin@newemail.com
58,Oscar Nunez,oscar.nunez@newemail.com
59,Kevin Malone,kevin.malone@newemail.com
60,Stanley Hudson,stanley.hudson@newemail.com
61,Phyllis Vance,phyllis.vance@newemail.com
62,Creed Bratton,creed.bratton@newemail.com
63,Meredith Palmer,meredith.palmer@newemail.com
64,Andy Bernard,andy.bernard@newemail.com
65,Jim Halpert,jim.halpert@newemail.com
66,Ryan Howard,ryan.howard@newemail.com
67,Kelly Kapoor,kelly.kapoor@newemail.com
68,David Wallace,david.wallace@newemail.com
69,Jan Levinson,jan.levinson@newemail.com
70,Michael Scott,michael.scott@example.org
71,Dwight Schrute,dwight.schrute@example.org
72,Pam Beesly,pam.beesly@example.org
73,Angela Martin,angela.martin@example.org
74,Oscar Nunez,oscar.nunez@example.org
75,Kevin Malone,kevin.malone@example.org
76,Stanley Hudson,stanley.hudson@example.org
77,Phyllis Vance,phyllis.vance@example.org
78,Creed Bratton,creed.bratton@example.org
79,Meredith Palmer,meredith.palmer@example.org
80,Andy Bernard,andy.bernard@example.org
81,Jim Halpert,jim.halpert@example.org
82,Ryan Howard,ryan.howard@example.org
83,Kelly Kapoor,kelly.kapoor@example.org
84,David Wallace,david.wallace@example.org
85,Jan Levinson,jan.levinson@example.org
86,Michael Scott,michael.scott@sample.com
87,Dwight Schrute,dwight.schrute@sample.com
88,Pam Beesly,pam.beesly@sample.com
89,Angela Martin,angela.martin@sample.com
90,Oscar Nunez,oscar.nunez@sample.com
91,Kevin Malone,kevin.malone@sample.com
92,Stanley Hudson,stanley.hudson@sample.com
93,Phyllis Vance,phyllis.vance@sample.com
94,Creed Bratton,creed.bratton@sample.com
95,Meredith Palmer,meredith.palmer@sample.com
96,Andy Bernard,andy.bernard@sample.com
97,Jim Halpert,jim.halpert@sample.com
98,Ryan Howard,ryan.howard@sample.com
99,Kelly Kapoor,kelly.kapoor@sample.com
100,David Wallace,david.wallace@sample.com
1,John Doe,john@example.com
2,Jane Doe,jane@example.com
3,Jim Beam,jim@example.com
4,Jake White,jake@example.com
5,Joan Black,joan@example.com
6,Michael Scott,michael@example.com
7,Dwight Schrute,dwight@example.com
8,Pam Beesly,pam@example.com
9,Angela Martin,angela@example.com
10,Oscar Nunez,oscar@example.com
11,Kevin Malone,kevin@example.com
12,Stanley Hudson,stanley@example.com
13,Phyllis Vance,phyllis@example.com
14,Creed Bratton,creed@example.com
15,Meredith Palmer,meredith@example.com
16,Andy Bernard,andy@example.com
17,Jim Halpert,jim@example.com
18,Ryan Howard,ryan@example.com
19,Kelly Kapoor,kelly@example.com
20,David Wallace,david@example.com
21,Jan Levinson,jan@example.com
22,Michael Scott,michael.scott@example.com
23,Dwight Schrute,dwight.schrute@example.com
24,Pam Beesly,pam.beesly@example.com
25,Angela Martin,angela.martin@example.com
26,Oscar Nunez,oscar.nunez@example.com
27,Kevin Malone,kevin.malone@example.com
28,Stanley Hudson,stanley.hudson@example.com
29,Phyllis Vance,phyllis.vance@example.com
30,Creed Bratton,creed.bratton@example.com
31,Meredith Palmer,meredith.palmer@example.com
32,Andy Bernard,andy.bernard@example.com
33,Jim Halpert,jim.halpert@example.com
34,Ryan Howard,ryan.howard@example.com
35,Kelly Kapoor,kelly.kapoor@example.com
36,David Wallace,david.wallace@example.com
37,Jan Levinson,jan.levinson@example.com
38,Michael Scott,michael.scott@example.net
39,Dwight Schrute,dwight.schrute@example.net
40,Pam Beesly,pam.beesly@example.net
41,Angela Martin,angela.martin@example.net
42,Oscar Nunez,oscar.nunez@example.net
43,Kevin Malone,kevin.malone@example.net
44,Stanley Hudson,stanley.hudson@example.net
45,Phyllis Vance,phyllis.vance@example.net
46,Creed Bratton,creed.bratton@example.net
47,Meredith Palmer,meredith.palmer@example.net
48,Andy Bernard,andy.bernard@example.net
49,Jim Halpert,jim.halpert@example.net
50,Ryan Howard,ryan.howard@example.net
51,Kelly Kapoor,kelly.kapoor@example.net
52,David Wallace,david.wallace@example.net
53,Jan Levinson,jan.levinson@example.net
54,Michael Scott,michael.scott@newemail.com
55,Dwight Schrute,dwight.schrute@newemail.com
56,Pam Beesly,pam.beesly@newemail.com
57,Angela Martin,angela.martin@newemail.com
58,Oscar Nunez,oscar.nunez@newemail.com
59,Kevin Malone,kevin.malone@newemail.com
60,Stanley Hudson,stanley.hudson@newemail.com
61,Phyllis Vance,phyllis.vance@newemail.com
62,Creed Bratton,creed.bratton@newemail.com
63,Meredith Palmer,meredith.palmer@newemail.com
64,Andy Bernard,andy.bernard@newemail.com
65,Jim Halpert,jim.halpert@newemail.com
66,Ryan Howard,ryan.howard@newemail.com
67,Kelly Kapoor,kelly.kapoor@newemail.com
68,David Wallace,david.wallace@newemail.com
69,Jan Levinson,jan.levinson@newemail.com
70,Michael Scott,michael.scott@example.org
71,Dwight Schrute,dwight.schrute@example.org
72,Pam Beesly,pam.beesly@example.org
73,Angela Martin,angela.martin@example.org
74,Oscar Nunez,oscar.nunez@example.org
75,Kevin Malone,kevin.malone@example.org
76,Stanley Hudson,stanley.hudson@example.org
77,Phyllis Vance,phyllis.vance@example.org
78,Creed Bratton,creed.bratton@example.org
79,Meredith Palmer,meredith.palmer@example.org
80,Andy Bernard,andy.bernard@example.org
81,Jim Halpert,jim.halpert@example.org
82,Ryan Howard,ryan.howard@example.org
83,Kelly Kapoor,kelly.kapoor@example.org
84,David Wallace,david.wallace@example.org
85,Jan Levinson,jan.levinson@example.org
86,Michael Scott,michael.scott@sample.com
87,Dwight Schrute,dwight.schrute@sample.com
88,Pam Beesly,pam.beesly@sample.com
89,Angela Martin,angela.martin@sample.com
90,Oscar Nunez,oscar.nunez@sample.com
91,Kevin Malone,kevin.malone@sample.com
92,Stanley Hudson,stanley.hudson@sample.com
93,Phyllis Vance,phyllis.vance@sample.com
94,Creed Bratton,creed.bratton@sample.com
95,Meredith Palmer,meredith.palmer@sample.com
96,Andy Bernard,andy.bernard@sample.com
97,Jim Halpert,jim.halpert@sample.com
98,Ryan Howard,ryan.howard@sample.com
99,Kelly Kapoor,kelly.kapoor@sample.com
100,David Wallace,david.wallace@sample.com
1,John Doe,john@example.com
2,Jane Doe,jane@example.com
3,Jim Beam,jim@example.com
4,Jake White,jake@example.com
5,Joan Black,joan@example.com
6,Michael Scott,michael@example.com
7,Dwight Schrute,dwight@example.com
8,Pam Beesly,pam@example.com
9,Angela Martin,angela@example.com
10,Oscar Nunez,oscar@example.com
11,Kevin Malone,kevin@example.com
12,Stanley Hudson,stanley@example.com
13,Phyllis Vance,phyllis@example.com
14,Creed Bratton,creed@example.com
15,Meredith Palmer,meredith@example.com
16,Andy Bernard,andy@example.com
17,Jim Halpert,jim@example.com
18,Ryan Howard,ryan@example.com
19,Kelly Kapoor,kelly@example.com
20,David Wallace,david@example.com
21,Jan Levinson,jan@example.com
22,Michael Scott,michael.scott@example.com
23,Dwight Schrute,dwight.schrute@example.com
24,Pam Beesly,pam.beesly@example.com
25,Angela Martin,angela.martin@example.com
26,Oscar Nunez,oscar.nunez@example.com
27,Kevin Malone,kevin.malone@example.com
28,Stanley Hudson,stanley.hudson@example.com
29,Phyllis Vance,phyllis.vance@example.com
30,Creed Bratton,creed.bratton@example.com
31,Meredith Palmer,meredith.palmer@example.com
32,Andy Bernard,andy.bernard@example.com
33,Jim Halpert,jim.halpert@example.com
34,Ryan Howard,ryan.howard@example.com
35,Kelly Kapoor,kelly.kapoor@example.com
36,David Wallace,david.wallace@example.com
37,Jan Levinson,jan.levinson@example.com
38,Michael Scott,michael.scott@example.net
39,Dwight Schrute,dwight.schrute@example.net
40,Pam Beesly,pam.beesly@example.net
41,Angela Martin,angela.martin@example.net
42,Oscar Nunez,oscar.nunez@example.net
43,Kevin Malone,kevin.malone@example.net
44,Stanley Hudson,stanley.hudson@example.net
45,Phyllis Vance,phyllis.vance@example.net
46,Creed Bratton,creed.bratton@example.net
47,Meredith Palmer,meredith.palmer@example.net
48,Andy Bernard,andy.bernard@example.net
49,Jim Halpert,jim.halpert@example.net
50,Ryan Howard,ryan.howard@example.net
51,Kelly Kapoor,kelly.kapoor@example.net
52,David Wallace,david.wallace@example.net
53,Jan Levinson,jan.levinson@example.net
54,Michael Scott,michael.scott@newemail.com
55,Dwight Schrute,dwight.schrute@newemail.com
56,Pam Beesly,pam.beesly@newemail.com
57,Angela Martin,angela.martin@newemail.com
58,Oscar Nunez,oscar.nunez@newemail.com
59,Kevin Malone,kevin.malone@newemail.com
60,Stanley Hudson,stanley.hudson@newemail.com
61,Phyllis Vance,phyllis.vance@newemail.com
62,Creed Bratton,creed.bratton@newemail.com
63,Meredith Palmer,meredith.palmer@newemail.com
64,Andy Bernard,andy.bernard@newemail.com
65,Jim Halpert,jim.halpert@newemail.com
66,Ryan Howard,ryan.howard@newemail.com
67,Kelly Kapoor,kelly.kapoor@newemail.com
68,David Wallace,david.wallace@newemail.com
69,Jan Levinson,jan.levinson@newemail.com
70,Michael Scott,michael.scott@example.org
71,Dwight Schrute,dwight.schrute@example.org
72,Pam Beesly,pam.beesly@example.org
73,Angela Martin,angela.martin@example.org
74,Oscar Nunez,oscar.nunez@example.org
75,Kevin Malone,kevin.malone@example.org
76,Stanley Hudson,stanley.hudson@example.org
77,Phyllis Vance,phyllis.vance@example.org
78,Creed Bratton,creed.bratton@example.org
79,Meredith Palmer,meredith.palmer@example.org
80,Andy Bernard,andy.bernard@example.org
81,Jim Halpert,jim.halpert@example.org
82,Ryan Howard,ryan.howard@example.org
83,Kelly Kapoor,kelly.kapoor@example.org
84,David Wallace,david.wallace@example.org
85,Jan Levinson,jan.levinson@example.org
86,Michael Scott,michael.scott@sample.com
87,Dwight Schrute,dwight.schrute@sample.com
88,Pam Beesly,pam.beesly@sample.com
89,Angela Martin,angela.martin@sample.com
90,Oscar Nunez,oscar.nunez@sample.com
91,Kevin Malone,kevin.malone@sample.com
92,Stanley Hudson,stanley.hudson@sample.com
93,Phyllis Vance,phyllis.vance@sample.com
94,Creed Bratton,creed.bratton@sample.com
95,Meredith Palmer,meredith.palmer@sample.com
96,Andy Bernard,andy.bernard@sample.com
97,Jim Halpert,jim.halpert@sample.com
98,Ryan Howard,ryan.howard@sample.com
99,Kelly Kapoor,kelly.kapoor@sample.com
100,David Wallace,david.wallace@sample.com
1,John Doe,john@example.com
2,Jane Doe,jane@example.com
3,Jim Beam,jim@example.com
4,Jake White,jake@example.com
5,Joan Black,joan@example.com
6,Michael Scott,michael@example.com
7,Dwight Schrute,dwight@example.com
8,Pam Beesly,pam@example.com
9,Angela Martin,angela@example.com
10,Oscar Nunez,oscar@example.com
11,Kevin Malone,kevin@example.com
12,Stanley Hudson,stanley@example.com
13,Phyllis Vance,phyllis@example.com
14,Creed Bratton,creed@example.com
15,Meredith Palmer,meredith@example.com
16,Andy Bernard,andy@example.com
17,Jim Halpert,jim@example.com
18,Ryan Howard,ryan@example.com
19,Kelly Kapoor,kelly@example.com
20,David Wallace,david@example.com
21,Jan Levinson,jan@example.com
22,Michael Scott,michael.scott@example.com
23,Dwight Schrute,dwight.schrute@example.com
24,Pam Beesly,pam.beesly@example.com
25,Angela Martin,angela.martin@example.com
26,Oscar Nunez,oscar.nunez@example.com
27,Kevin Malone,kevin.malone@example.com
28,Stanley Hudson,stanley.hudson@example.com
29,Phyllis Vance,phyllis.vance@example.com
30,Creed Bratton,creed.bratton@example.com
31,Meredith Palmer,meredith.palmer@example.com
32,Andy Bernard,andy.bernard@example.com
33,Jim Halpert,jim.halpert@example.com
34,Ryan Howard,ryan.howard@example.com
35,Kelly Kapoor,kelly.kapoor@example.com
36,David Wallace,david.wallace@example.com
37,Jan Levinson,jan.levinson@example.com
38,Michael Scott,michael.scott@example.net
39,Dwight Schrute,dwight.schrute@example.net
40,Pam Beesly,pam.beesly@example.net
41,Angela Martin,angela.martin@example.net
42,Oscar Nunez,oscar.nunez@example.net
43,Kevin Malone,kevin.malone@example.net
44,Stanley Hudson,stanley.hudson@example.net
45,Phyllis Vance,phyllis.vance@example.net
46,Creed Bratton,creed.bratton@example.net
47,Meredith Palmer,meredith.palmer@example.net
48,Andy Bernard,andy.bernard@example.net
49,Jim Halpert,jim.halpert@example.net
50,Ryan Howard,ryan.howard@example.net
51,Kelly Kapoor,kelly.kapoor@example.net
52,David Wallace,david.wallace@example.net
53,Jan Levinson,jan.levinson@example.net
54,Michael Scott,michael.scott@newemail.com
55,Dwight Schrute,dwight.schrute@newemail.com
56,Pam Beesly,pam.beesly@newemail.com
57,Angela Martin,angela.martin@newemail.com
58,Oscar Nunez,oscar.nunez@newemail.com
59,Kevin Malone,kevin.malone@newemail.com
60,Stanley Hudson,stanley.hudson@newemail.com
61,Phyllis Vance,phyllis.vance@newemail.com
62,Creed Bratton,creed.bratton@newemail.com
63,Meredith Palmer,meredith.palmer@newemail.com
64,Andy Bernard,andy.bernard@newemail.com
65,Jim Halpert,jim.halpert@newemail.com
66,Ryan Howard,ryan.howard@newemail.com
67,Kelly Kapoor,kelly.kapoor@newemail.com
68,David Wallace,david.wallace@newemail.com
69,Jan Levinson,jan.levinson@newemail.com
70,Michael Scott,michael.scott@example.org
71,Dwight Schrute,dwight.schrute@example.org
72,Pam Beesly,pam.beesly@example.org
73,Angela Martin,angela.martin@example.org
74,Oscar Nunez,oscar.nunez@example.org
75,Kevin Malone,kevin.malone@example.org
76,Stanley Hudson,stanley.hudson@example.org
77,Phyllis Vance,phyllis.vance@example.org
78,Creed Bratton,creed.bratton@example.org
79,Meredith Palmer,meredith.palmer@example.org
80,Andy Bernard,andy.bernard@example.org
81,Jim Halpert,jim.halpert@example.org
82,Ryan Howard,ryan.howard@example.org
83,Kelly Kapoor,kelly.kapoor@example.org
84,David Wallace,david.wallace@example.org
85,Jan Levinson,jan.levinson@example.org
86,Michael Scott,michael.scott@sample.com
87,Dwight Schrute,dwight.schrute@sample.com
88,Pam Beesly,pam.beesly@sample.com
89,Angela Martin,angela.martin@sample.com
90,Oscar Nunez,oscar.nunez@sample.com
91,Kevin Malone,kevin.malone@sample.com
92,Stanley Hudson,stanley.hudson@sample.com
93,Phyllis Vance,phyllis.vance@sample.com
94,Creed Bratton,creed.bratton@sample.com
95,Meredith Palmer,meredith.palmer@sample.com
96,Andy Bernard,andy.bernard@sample.com
97,Jim Halpert,jim.halpert@sample.com
98,Ryan Howard,ryan.howard@sample.com
99,Kelly Kapoor,kelly.kapoor@sample.com
100,David Wallace,david.wallace@sample.com
1,John Doe,john@example.com
2,Jane Doe,jane@example.com
3,Jim Beam,jim@example.com
4,Jake White,jake@example.com
5,Joan Black,joan@example.com
6,Michael Scott,michael@example.com
7,Dwight Schrute,dwight@example.com
8,Pam Beesly,pam@example.com
9,Angela Martin,angela@example.com
10,Oscar Nunez,oscar@example.com
11,Kevin Malone,kevin@example.com
12,Stanley Hudson,stanley@example.com
13,Phyllis Vance,phyllis@example.com
14,Creed Bratton,creed@example.com
15,Meredith Palmer,meredith@example.com
16,Andy Bernard,andy@example.com
17,Jim Halpert,jim@example.com
18,Ryan Howard,ryan@example.com
19,Kelly Kapoor,kelly@example.com
20,David Wallace,david@example.com
21,Jan Levinson,jan@example.com
22,Michael Scott,michael.scott@example.com
23,Dwight Schrute,dwight.schrute@example.com
24,Pam Beesly,pam.beesly@example.com
25,Angela Martin,angela.martin@example.com
26,Oscar Nunez,oscar.nunez@example.com
27,Kevin Malone,kevin.malone@example.com
28,Stanley Hudson,stanley.hudson@example.com
29,Phyllis Vance,phyllis.vance@example.com
30,Creed Bratton,creed.bratton@example.com
31,Meredith Palmer,meredith.palmer@example.com
32,Andy Bernard,andy.bernard@example.com
33,Jim Halpert,jim.halpert@example.com
34,Ryan Howard,ryan.howard@example.com
35,Kelly Kapoor,kelly.kapoor@example.com
36,David Wallace,david.wallace@example.com
37,Jan Levinson,jan.levinson@example.com
38,Michael Scott,michael.scott@example.net
39,Dwight Schrute,dwight.schrute@example.net
40,Pam Beesly,pam.beesly@example.net
41,Angela Martin,angela.martin@example.net
42,Oscar Nunez,oscar.nunez@example.net
43,Kevin Malone,kevin.malone@example.net
44,Stanley Hudson,stanley.hudson@example.net
45,Phyllis Vance,phyllis.vance@example.net
46,Creed Bratton,creed.bratton@example.net
47,Meredith Palmer,meredith.palmer@example.net
48,Andy Bernard,andy.bernard@example.net
49,Jim Halpert,jim.halpert@example.net
50,Ryan Howard,ryan.howard@example.net
51,Kelly Kapoor,kelly.kapoor@example.net
52,David Wallace,david.wallace@example.net
53,Jan Levinson,jan.levinson@example.net
54,Michael Scott,michael.scott@newemail.com
55,Dwight Schrute,dwight.schrute@newemail.com
56,Pam Beesly,pam.beesly@newemail.com
57,Angela Martin,angela.martin@newemail.com
58,Oscar Nunez,oscar.nunez@newemail.com
59,Kevin Malone,kevin.malone@newemail.com
60,Stanley Hudson,stanley.hudson@newemail.com
61,Phyllis Vance,phyllis.vance@newemail.com
62,Creed Bratton,creed.bratton@newemail.com
63,Meredith Palmer,meredith.palmer@newemail.com
64,Andy Bernard,andy.bernard@newemail.com
65,Jim Halpert,jim.halpert@newemail.com
66,Ryan Howard,ryan.howard@newemail.com
67,Kelly Kapoor,kelly.kapoor@newemail.com
68,David Wallace,david.wallace@newemail.com
69,Jan Levinson,jan.levinson@newemail.com
70,Michael Scott,michael.scott@example.org
71,Dwight Schrute,dwight.schrute@example.org
72,Pam Beesly,pam.beesly@example.org
73,Angela Martin,angela.martin@example.org
74,Oscar Nunez,oscar.nunez@example.org
75,Kevin Malone,kevin.malone@example.org
76,Stanley Hudson,stanley.hudson@example.org
77,Phyllis Vance,phyllis.vance@example.org
78,Creed Bratton,creed.bratton@example.org
79,Meredith Palmer,meredith.palmer@example.org
80,Andy Bernard,andy.bernard@example.org
81,Jim Halpert,jim.halpert@example.org
82,Ryan Howard,ryan.howard@example.org
83,Kelly Kapoor,kelly.kapoor@example.org
84,David Wallace,david.wallace@example.org
85,Jan Levinson,jan.levinson@example.org
86,Michael Scott,michael.scott@sample.com
87,Dwight Schrute,dwight.schrute@sample.com
88,Pam Beesly,pam.beesly@sample.com
89,Angela Martin,angela.martin@sample.com
90,Oscar Nunez,oscar.nunez@sample.com
91,Kevin Malone,kevin.malone@sample.com
92,Stanley Hudson,stanley.hudson@sample.com
93,Phyllis Vance,phyllis.vance@sample.com
94,Creed Bratton,creed.bratton@sample.com
95,Meredith Palmer,meredith.palmer@sample.com
96,Andy Bernard,andy.bernard@sample.com
97,Jim Halpert,jim.halpert@sample.com
98,Ryan Howard,ryan.howard@sample.com
99,Kelly Kapoor,kelly.kapoor@sample.com
100,David Wallace,david.wallace@sample.com
1,John Doe,john@example.com
2,Jane Doe,jane@example.com
3,Jim Beam,jim@example.com
4,Jake White,jake@example.com
5,Joan Black,joan@example.com
6,Michael Scott,michael@example.com
7,Dwight Schrute,dwight@example.com
8,Pam Beesly,pam@example.com
9,Angela Martin,angela@example.com
10,Oscar Nunez,oscar@example.com
11,Kevin Malone,kevin@example.com
12,Stanley Hudson,stanley@example.com
13,Phyllis Vance,phyllis@example.com
14,Creed Bratton,creed@example.com
15,Meredith Palmer,meredith@example.com
16,Andy Bernard,andy@example.com
17,Jim Halpert,jim@example.com
18,Ryan Howard,ryan@example.com
19,Kelly Kapoor,kelly@example.com
20,David Wallace,david@example.com
21,Jan Levinson,jan@example.com
22,Michael Scott,michael.scott@example.com
23,Dwight Schrute,dwight.schrute@example.com
24,Pam Beesly,pam.beesly@example.com
25,Angela Martin,angela.martin@example.com
26,Oscar Nunez,oscar.nunez@example.com
27,Kevin Malone,kevin.malone@example.com
28,Stanley Hudson,stanley.hudson@example.com
29,Phyllis Vance,phyllis.vance@example.com
30,Creed Bratton,creed.bratton@example.com
31,Meredith Palmer,meredith.palmer@example.com
32,Andy Bernard,andy.bernard@example.com
33,Jim Halpert,jim.halpert@example.com
34,Ryan Howard,ryan.howard@example.com
35,Kelly Kapoor,kelly.kapoor@example.com
36,David Wallace,david.wallace@example.com
37,Jan Levinson,jan.levinson@example.com
38,Michael Scott,michael.scott@example.net
39,Dwight Schrute,dwight.schrute@example.net
40,Pam Beesly,pam.beesly@example.net
41,Angela Martin,angela.martin@example.net
42,Oscar Nunez,oscar.nunez@example.net
43,Kevin Malone,kevin.malone@example.net
44,Stanley Hudson,stanley.hudson@example.net
45,Phyllis Vance,phyllis.vance@example.net
46,Creed Bratton,creed.bratton@example.net
47,Meredith Palmer,meredith.palmer@example.net
48,Andy Bernard,andy.bernard@example.net
49,Jim Halpert,jim.halpert@example.net
50,Ryan Howard,ryan.howard@example.net
51,Kelly Kapoor,kelly.kapoor@example.net
52,David Wallace,david.wallace@example.net
53,Jan Levinson,jan.levinson@example.net
54,Michael Scott,michael.scott@newemail.com
55,Dwight Schrute,dwight.schrute@newemail.com
56,Pam Beesly,pam.beesly@newemail.com
57,Angela Martin,angela.martin@newemail.com
58,Oscar Nunez,oscar.nunez@newemail.com
59,Kevin Malone,kevin.malone@newemail.com
60,Stanley Hudson,stanley.hudson@newemail.com
61,Phyllis Vance,phyllis.vance@newemail.com
62,Creed Bratton,creed.bratton@newemail.com
63,Meredith Palmer,meredith.palmer@newemail.com
64,Andy Bernard,andy.bernard@newemail.com
65,Jim Halpert,jim.halpert@newemail.com
66,Ryan Howard,ryan.howard@newemail.com
67,Kelly Kapoor,kelly.kapoor@newemail.com
68,David Wallace,david.wallace@newemail.com
69,Jan Levinson,jan.levinson@newemail.com
70,Michael Scott,michael.scott@example.org
71,Dwight Schrute,dwight.schrute@example.org
72,Pam Beesly,pam.beesly@example.org
73,Angela Martin,angela.martin@example.org
74,Oscar Nunez,oscar.nunez@example.org
75,Kevin Malone,kevin.malone@example.org
76,Stanley Hudson,stanley.hudson@example.org
77,Phyllis Vance,phyllis.vance@example.org
78,Creed Bratton,creed.bratton@example.org
79,Meredith Palmer,meredith.palmer@example.org
80,Andy Bernard,andy.bernard@example.org
81,Jim Halpert,jim.halpert@example.org
82,Ryan Howard,ryan.howard@example.org
83,Kelly Kapoor,kelly.kapoor@example.org
84,David Wallace,david.wallace@example.org
85,Jan Levinson,jan.levinson@example.org
86,Michael Scott,michael.scott@sample.com
87,Dwight Schrute,dwight.schrute@sample.com
88,Pam Beesly,pam.beesly@sample.com
89,Angela Martin,angela.martin@sample.com
90,Oscar Nunez,oscar.nunez@sample.com
91,Kevin Malone,kevin.malone@sample.com
92,Stanley Hudson,stanley.hudson@sample.com
93,Phyllis Vance,phyllis.vance@sample.com
94,Creed Bratton,creed.bratton@sample.com
95,Meredith Palmer,meredith.palmer@sample.com
96,Andy Bernard,andy.bernard@sample.com
97,Jim Halpert,jim.halpert@sample.com
98,Ryan Howard,ryan.howard@sample.com
99,Kelly Kapoor,kelly.kapoor@sample.com
100,David Wallace,david.wallace@sample.com
1,John Doe,john@example.com
2,Jane Doe,jane@example.com
3,Jim Beam,jim@example.com
4,Jake White,jake@example.com
5,Joan Black,joan@example.com
6,Michael Scott,michael@example.com
7,Dwight Schrute,dwight@example.com
8,Pam Beesly,pam@example.com
9,Angela Martin,angela@example.com
10,Oscar Nunez,oscar@example.com
11,Kevin Malone,kevin@example.com
12,Stanley Hudson,stanley@example.com
13,Phyllis Vance,phyllis@example.com
14,Creed Bratton,creed@example.com
15,Meredith Palmer,meredith@example.com
16,Andy Bernard,andy@example.com
17,Jim Halpert,jim@example.com
18,Ryan Howard,ryan@example.com
19,Kelly Kapoor,kelly@example.com
20,David Wallace,david@example.com
21,Jan Levinson,jan@example.com
22,Michael Scott,michael.scott@example.com
23,Dwight Schrute,dwight.schrute@example.com
24,Pam Beesly,pam.beesly@example.com
25,Angela Martin,angela.martin@example.com
26,Oscar Nunez,oscar.nunez@example.com
27,Kevin Malone,kevin.malone@example.com
28,Stanley Hudson,stanley.hudson@example.com
29,Phyllis Vance,phyllis.vance@example.com
30,Creed Bratton,creed.bratton@example.com
31,Meredith Palmer,meredith.palmer@example.com
32,Andy Bernard,andy.bernard@example.com
33,Jim Halpert,jim.halpert@example.com
34,Ryan Howard,ryan.howard@example.com
35,Kelly Kapoor,kelly.kapoor@example.com
36,David Wallace,david.wallace@example.com
37,Jan Levinson,jan.levinson@example.com
38,Michael Scott,michael.scott@example.net
39,Dwight Schrute,dwight.schrute@example.net
40,Pam Beesly,pam.beesly@example.net
41,Angela Martin,angela.martin@example.net
42,Oscar Nunez,oscar.nunez@example.net
43,Kevin Malone,kevin.malone@example.net
44,Stanley Hudson,stanley.hudson@example.net
45,Phyllis Vance,phyllis.vance@example.net
46,Creed Bratton,creed.bratton@example.net
47,Meredith Palmer,meredith.palmer@example.net
48,Andy Bernard,andy.bernard@example.net
49,Jim Halpert,jim.halpert@example.net
50,Ryan Howard,ryan.howard@example.net
51,Kelly Kapoor,kelly.kapoor@example.net
52,David Wallace,david.wallace@example.net
53,Jan Levinson,jan.levinson@example.net
54,Michael Scott,michael.scott@newemail.com
55,Dwight Schrute,dwight.schrute@newemail.com
56,Pam Beesly,pam.beesly@newemail.com
57,Angela Martin,angela.martin@newemail.com
58,Oscar Nunez,oscar.nunez@newemail.com
59,Kevin Malone,kevin.malone@newemail.com
60,Stanley Hudson,stanley.hudson@newemail.com
61,Phyllis Vance,phyllis.vance@newemail.com
62,Creed Bratton,creed.bratton@newemail.com
63,Meredith Palmer,meredith.palmer@newemail.com
64,Andy Bernard,andy.bernard@newemail.com
65,Jim Halpert,jim.halpert@newemail.com
66,Ryan Howard,ryan.howard@newemail.com
67,Kelly Kapoor,kelly.kapoor@newemail.com
68,David Wallace,david.wallace@newemail.com
69,Jan Levinson,jan.levinson@newemail.com
70,Michael Scott,michael.scott@example.org
71,Dwight Schrute,dwight.schrute@example.org
72,Pam Beesly,pam.beesly@example.org
73,Angela Martin,angela.martin@example.org
74,Oscar Nunez,oscar.nunez@example.org
75,Kevin Malone,kevin.malone@example.org
76,Stanley Hudson,stanley.hudson@example.org
77,Phyllis Vance,phyllis.vance@example.org
78,Creed Bratton,creed.bratton@example.org
79,Meredith Palmer,meredith.palmer@example.org
80,Andy Bernard,andy.bernard@example.org
81,Jim Halpert,jim.halpert@example.org
82,Ryan Howard,ryan.howard@example.org
83,Kelly Kapoor,kelly.kapoor@example.org
84,David Wallace,david.wallace@example.org
85,Jan Levinson,jan.levinson@example.org
86,Michael Scott,michael.scott@sample.com
87,Dwight Schrute,dwight.schrute@sample.com
88,Pam Beesly,pam.beesly@sample.com
89,Angela Martin,angela.martin@sample.com
90,Oscar Nunez,oscar.nunez@sample.com
91,Kevin Malone,kevin.malone@sample.com
92,Stanley Hudson,stanley.hudson@sample.com
93,Phyllis Vance,phyllis.vance@sample.com
94,Creed Bratton,creed.bratton@sample.com
95,Meredith Palmer,meredith.palmer@sample.com
96,Andy Bernard,andy.bernard@sample.com
97,Jim Halpert,jim.halpert@sample.com
98,Ryan Howard,ryan.howard@sample.com
99,Kelly Kapoor,kelly.kapoor@sample.com
100,David Wallace,david.wallace@sample.com

